scenario,hypothesis,metric,mean_diff,t,p_t,w_stat,p_w,cohens_d,p_t_bonf,p_w_bonf
baseline,TRUE_U > Blind_U,cumulative utility,25516.0,56.7665572246494,0.0,0,8.857457687860837e-05,12.693388080294785,0.0,0.0005314474612716502
baseline,TRUE_Fatal < Blind_Fatal,fatal errors,150.85,64.71789904356307,0.0,0,8.857457687860837e-05,14.471362162237565,0.0,0.0005314474612716502
baseline,TRUE_A9 < Blind_A9,A9 first selected delay,5.85,3.9380677440207057,8.214040632648079e-05,4.0,0.00059911940116808,0.8805787175629539,0.0004928424379588847,0.0035947164070084803
observation_manipulated,TRUE_U > Blind_U,cumulative utility,26882.0,54.08009114182373,0.0,0,8.857457687860837e-05,12.092676002250208,0.0,0.0005314474612716502
observation_manipulated,TRUE_Fatal < Blind_Fatal,fatal errors,144.15,54.99718199149665,0.0,0,8.857457687860837e-05,12.297743750391378,0.0,0.0005314474612716502
observation_manipulated,TRUE_A9 < Blind_A9,A9 first selected delay,4.7,5.839096221087872,5.248475209995718e-09,0,0.00029305252019251604,1.3056616077514622,3.1490851259974306e-08,0.0017583151211550963
