hypothesis,metric,mean_diff,t,p_approx,cohens_d
H1a TRUE_U > Blind_U,cumulative utility,22508.0,51.424398367494,0.0,11.498845045174578
H1b TRUE_U > MOO_U,cumulative utility,11501.0,4.8879922030388565,1.0186956398428038e-06,1.0929882839483835
H2a TRUE_Gini < MOO_Gini,trust gini,0.1039871893963999,9.285552584218667,0.0,2.0763126786961776
H2b TRUE_Collapse < MOO_Collapse,collapse index,0.05764231363783993,8.66964747987975,0.0,1.9385921105970858
H3a TRUE_A9 < Blind_A9,A9 first selected delay,5.65,3.3505631850382964,0.0008064740820783456,0.7492087044653836
H3b TRUE_A9Conv < MOO_A9Conv,A9 variance convergence,744.65,7.546216272578459,4.4853010194856324e-14,1.6873852558400515
H5a TRUE_Fatal < Blind_Fatal,fatal errors,117.2,44.4548107452351,0.0,9.940397875323375
H5b TRUE_Fatal < MOO_Fatal,fatal errors,59.4,4.5420540903010025,5.570874203275622e-06,1.0156341703394012
