hypothesis,metric,mean_diff,t,p_approx,cohens_d
H1a TRUE_U > Blind_U,cumulative utility,1620.0,1.6337154331984305,0.10231861625132765,0.7306197529044414
H1b TRUE_U > MOO_U,cumulative utility,-4308.0,-4.381108574558871,1.1807701093324852e-05,-1.959291317904168
H2a TRUE_Gini < MOO_Gini,trust gini,-0.13722195337973347,-21.527551267133997,0.0,-9.627413604484671
H2b TRUE_Collapse < MOO_Collapse,collapse index,-0.0912776433565334,-12.607664791917026,0.0,-5.638319102451442
H3a TRUE_A9 < Blind_A9,A9 first selected delay,399.6,1.6329931618554525,0.10247043485974938,0.7302967433402217
H3b TRUE_A9Conv < MOO_A9Conv,A9 variance convergence,0.0,0.0,1.0,0.0
H5a TRUE_Fatal < Blind_Fatal,fatal errors,6.4,0.9810229431759453,0.32658142758986264,0.4387267976856654
H5b TRUE_Fatal < MOO_Fatal,fatal errors,-26.8,-4.756980080187621,1.965105519863286e-06,-2.1273861653823847
