hypothesis,metric,mean_diff,t,p_approx,cohens_d
H1a TRUE_U > Blind_U,cumulative utility,3220.0,7.349376579798448,1.9917401061775308e-13,3.2867411249348475
H1b TRUE_U > MOO_U,cumulative utility,-2612.0,-6.457280762423611,1.0660095028924843e-10,-2.8877837469161727
H2a TRUE_Gini < MOO_Gini,trust gini,-0.08259324184360244,-12.45725610280139,0.0,-5.571054291797603
H2b TRUE_Collapse < MOO_Collapse,collapse index,-0.05062995425513456,-11.766907019197495,0.0,-5.2623207959690035
H3a TRUE_A9 < Blind_A9,A9 first selected delay,0.0,0.0,1.0,0.0
H3b TRUE_A9Conv < MOO_A9Conv,A9 variance convergence,0.0,0.0,1.0,0.0
H5a TRUE_Fatal < Blind_Fatal,fatal errors,18.4,4.317773941068175,1.576107312772912e-05,1.930967208741122
H5b TRUE_Fatal < MOO_Fatal,fatal errors,-14.0,-6.674238124719146,2.4852120361629204e-11,-2.9848100289785457
