hypothesis,metric,mean_diff,t,p_approx,cohens_d
H1a TRUE_U > Blind_U,cumulative utility,22508.0,51.424398367494,0.0,11.498845045174578
H1b TRUE_U > MOO_U,cumulative utility,-469.0,-0.8240280593348916,0.4099236147922527,-0.18425827560400476
H2a TRUE_Gini < MOO_Gini,trust gini,-0.07524931816057161,-31.212389781917814,0.0,-6.979302529258806
H2b TRUE_Collapse < MOO_Collapse,collapse index,-0.0516871590802858,-31.46122758282022,0.0,-7.034944353077741
H3a TRUE_A9 < Blind_A9,A9 first selected delay,5.65,3.3505631850382964,0.0008064740820783456,0.7492087044653836
H3b TRUE_A9Conv < MOO_A9Conv,A9 variance convergence,0.0,0.0,1.0,0.0
H5a TRUE_Fatal < Blind_Fatal,fatal errors,117.2,44.4548107452351,0.0,9.940397875323375
H5b TRUE_Fatal < MOO_Fatal,fatal errors,-0.15,-0.061664012747139875,0.9508303990734077,-0.013788492426801831
