hypothesis,metric,mean_diff,t,p_approx,cohens_d
H1a TRUE_U > Blind_U,cumulative utility,22508.0,51.424398367494,0.0,11.498845045174578
H1b TRUE_U > MOO_U,cumulative utility,-679.0,-1.1645962758314088,0.24418245200145305,-0.26041164391021254
H2a TRUE_Gini < MOO_Gini,trust gini,-0.07503225552550277,-33.574632638298965,0.0,-7.507516089881959
H2b TRUE_Collapse < MOO_Collapse,collapse index,-0.051578627762751385,-33.12076813791378,0.0,-7.4060289023384325
H3a TRUE_A9 < Blind_A9,A9 first selected delay,5.65,3.3505631850382964,0.0008064740820783456,0.7492087044653836
H3b TRUE_A9Conv < MOO_A9Conv,A9 variance convergence,0.0,0.0,1.0,0.0
H5a TRUE_Fatal < Blind_Fatal,fatal errors,117.2,44.4548107452351,0.0,9.940397875323375
H5b TRUE_Fatal < MOO_Fatal,fatal errors,-1.15,-0.46881261289785525,0.639203583611633,-0.10482968711488991
