hypothesis,metric,mean_diff,t,p_approx,cohens_d
H1a TRUE_U > Blind_U,cumulative utility,22420.0,44.89750563440256,0.0,14.197837906495515
H1b TRUE_U > MOO_U,cumulative utility,13982.0,4.518076253681917,6.240401206003554e-06,1.4287411603955569
H2a TRUE_Gini < MOO_Gini,trust gini,-0.03045244568113632,-4.7534804341899335,1.9994446200932714e-06,-1.5031824985086315
H2b TRUE_Collapse < MOO_Collapse,collapse index,-0.019601222840568158,-3.7227687409723678,0.0001970499926184921,-1.177242842355008
H3a TRUE_A9 < Blind_A9,A9 first selected delay,8.7,3.054564732220994,0.002253873692928954,0.9659381814240656
H3b TRUE_A9Conv < MOO_A9Conv,A9 variance convergence,0.0,0.0,1.0,0.0
H5a TRUE_Fatal < Blind_Fatal,fatal errors,117.6,39.287402561126385,0.0,12.423767544509193
H5b TRUE_Fatal < MOO_Fatal,fatal errors,70.0,4.073716756173422,4.626874844593232e-05,1.288222349190081
