hypothesis,metric,mean_diff,t,p_approx,cohens_d
H1a TRUE_U > Blind_U,cumulative utility,5328.0,9.3163939401067,0.0,4.166418031049137
H1b TRUE_U > MOO_U,cumulative utility,-504.0,-1.2218908915386932,0.22174889038032441,-0.5464462189136681
H2a TRUE_Gini < MOO_Gini,trust gini,-0.07519554925716845,-14.810587649709687,0.0,-6.623496154293941
H2b TRUE_Collapse < MOO_Collapse,collapse index,-0.04826444129525089,-10.782114384127144,0.0,-4.821908140817314
H3a TRUE_A9 < Blind_A9,A9 first selected delay,599.4,2.4494897427831783,0.01430587843542952,1.0954451150103324
H3b TRUE_A9Conv < MOO_A9Conv,A9 variance convergence,0.0,0.0,1.0,0.0
H5a TRUE_Fatal < Blind_Fatal,fatal errors,31.0,6.067942268318602,1.2955945205561648e-09,2.7136662791009325
H5b TRUE_Fatal < MOO_Fatal,fatal errors,-1.4,-0.6047078979069521,0.5453730994899382,-0.2704335932501895
