hypothesis,metric,mean_diff,t,p_approx,cohens_d
H1a TRUE_U > Blind_U,cumulative utility,22891.0,92.09728204091327,0.0,9.209728204091327
H1b TRUE_U > MOO_U,cumulative utility,7194.0,7.359016795909099,1.851852005074761e-13,0.7359016795909099
H2a TRUE_Gini < MOO_Gini,trust gini,0.1053413451827155,24.554976312722516,0.0,2.4554976312722516
H2b TRUE_Collapse < MOO_Collapse,collapse index,0.05470480710962931,20.962088165835624,0.0,2.0962088165835624
H3a TRUE_A9 < Blind_A9,A9 first selected delay,7.04,9.916238105917387,0.0,0.9916238105917387
H3b TRUE_A9Conv < MOO_A9Conv,A9 variance convergence,831.82,22.7597279341315,0.0,2.2759727934131497
H5a TRUE_Fatal < Blind_Fatal,fatal errors,120.14,81.8290690507487,0.0,8.18290690507487
H5b TRUE_Fatal < MOO_Fatal,fatal errors,38.02,6.6222041761797295,3.538813686532194e-11,0.662220417617973
